{
	"timestamp": "2026-03-20T10:22:23.833Z",
	"results": {
		"plugin": {
			"parseMarkdownFile (small)": {
				"name": "parseMarkdownFile (small)",
				"mean": 0.6517005555485564,
				"median": 0.6175110434120276,
				"p95": 0.9600152322923575,
				"p99": 1.0412856054837158,
				"min": 0.5554386900227537,
				"max": 2.109577303884201,
				"stddev": 0.12491695939266909,
				"opsPerSec": 1534447.0577568698,
				"samples": 3506
			},
			"parseMarkdownFile (large)": {
				"name": "parseMarkdownFile (large)",
				"mean": 3.245988369400567,
				"median": 2.8577099999984057,
				"p95": 5.4679150000038135,
				"p99": 8.504790000001776,
				"min": 2.4983300000030795,
				"max": 19.70520999999735,
				"stddev": 1.1666168505993895,
				"opsPerSec": 308072.5764228998,
				"samples": 4621
			},
			"parseMarkdownFile (nested frontmatter)": {
				"name": "parseMarkdownFile (nested frontmatter)",
				"mean": 3.3381914618254505,
				"median": 3.2361565495208175,
				"p95": 4.291533546325553,
				"p99": 4.620341853035334,
				"min": 2.9562012779567746,
				"max": 6.851706070286479,
				"stddev": 0.36338066393051216,
				"opsPerSec": 299563.40474646166,
				"samples": 2871
			},
			"parseDataFile (JSON)": {
				"name": "parseDataFile (JSON)",
				"mean": 3.394497065832574,
				"median": 3.308843511447998,
				"p95": 4.102896946563285,
				"p99": 4.337625954194802,
				"min": 2.919847328242053,
				"max": 5.359732824425926,
				"stddev": 0.276156765263995,
				"opsPerSec": 294594.4511384423,
				"samples": 3373
			},
			"parseDataFile (YAML)": {
				"name": "parseDataFile (YAML)",
				"mean": 3.521206431666868,
				"median": 3.3135895522338696,
				"p95": 4.79399999999463,
				"p99": 7.245335820902147,
				"min": 3.1267126865686943,
				"max": 9.343130597020473,
				"stddev": 0.7117529924854784,
				"opsPerSec": 283993.5741928712,
				"samples": 3179
			},
			"parseDataFile (TOML)": {
				"name": "parseDataFile (TOML)",
				"mean": 44.58686395386801,
				"median": 43.87988235291285,
				"p95": 47.56129411779351,
				"p99": 76.92894117644755,
				"min": 39.17894117651432,
				"max": 90.89217647060116,
				"stddev": 5.371735290538358,
				"opsPerSec": 22428.13042502057,
				"samples": 3958
			},
			"validateMetadata (simple schema)": {
				"name": "validateMetadata (simple schema)",
				"mean": 0.029507443229480176,
				"median": 0.027431949202213538,
				"p95": 0.043880691787042445,
				"p99": 0.0488831982623243,
				"min": 0.019320745258645466,
				"max": 0.08099740997603933,
				"stddev": 0.006634249419958301,
				"opsPerSec": 33889754.263796195,
				"samples": 8493
			},
			"validateMetadata (complex schema)": {
				"name": "validateMetadata (complex schema)",
				"mean": 0.48569728076312696,
				"median": 0.3749999996216502,
				"p95": 0.6250000005820766,
				"p99": 0.8749999979045242,
				"min": 0.2499999973224476,
				"max": 702.8339999997115,
				"stddev": 3.2297166131245514,
				"opsPerSec": 2058895.6117456562,
				"samples": 5285115
			}
		},
		"runtime": {
			"sortCollection (100 entries, string)": {
				"name": "sortCollection (100 entries, string)",
				"mean": 4.841526850803011,
				"median": 4.811997584541874,
				"p95": 5.319444444449506,
				"p99": 6.135666666663919,
				"min": 4.060589371989048,
				"max": 15.925120772948688,
				"stddev": 0.4240986468707149,
				"opsPerSec": 206546.41207538504,
				"samples": 2994
			},
			"sortCollection (1000 entries, date)": {
				"name": "sortCollection (1000 entries, date)",
				"mean": 66.59529940518749,
				"median": 65.69009374993584,
				"p95": 71.84112499999173,
				"p99": 79.04687500013097,
				"min": 60.471312499885244,
				"max": 98.28387499965174,
				"stddev": 3.19748357312354,
				"opsPerSec": 15016.0748420947,
				"samples": 2816
			},
			"sortCollection (5000 entries, number)": {
				"name": "sortCollection (5000 entries, number)",
				"mean": 252.8457967801616,
				"median": 249.5730000000549,
				"p95": 272.9792499994801,
				"p99": 310.0625000006403,
				"min": 234.4062500014843,
				"max": 389.49999999931606,
				"stddev": 12.906578631135389,
				"opsPerSec": 3954.979725723724,
				"samples": 2966
			},
			"groupBy (1000 entries, scalar)": {
				"name": "groupBy (1000 entries, scalar)",
				"mean": 6.384654604086907,
				"median": 6.139724137906812,
				"p95": 8.358836206941211,
				"p99": 9.108482758604403,
				"min": 5.432836206856681,
				"max": 11.191094827530645,
				"stddev": 0.7737350846825728,
				"opsPerSec": 156625.54390332813,
				"samples": 4050
			},
			"groupBy (1000 entries, array)": {
				"name": "groupBy (1000 entries, array)",
				"mean": 17.163257063215067,
				"median": 16.465333333447536,
				"p95": 19.20833333315386,
				"p99": 38.194416666859375,
				"min": 14.23258333367509,
				"max": 80.76041666633198,
				"stddev": 3.465417948572563,
				"opsPerSec": 58263.999444676345,
				"samples": 14559
			},
			"paginate (1000 entries)": {
				"name": "paginate (1000 entries)",
				"mean": 0.019969023211383514,
				"median": 0.019330812365303415,
				"p95": 0.02465972681518103,
				"p99": 0.026938662832297552,
				"min": 0.014789101365909494,
				"max": 0.07733765636216065,
				"stddev": 0.0031674886751532033,
				"opsPerSec": 50077562.10278434,
				"samples": 4320
			},
			"uniqueValues (1000 entries, array field)": {
				"name": "uniqueValues (1000 entries, array field)",
				"mean": 17.266006739489473,
				"median": 17.035472973008368,
				"p95": 18.61375675680638,
				"p99": 20.5439189189378,
				"min": 15.172297297229651,
				"max": 29.068702702666947,
				"stddev": 0.8650130336875342,
				"opsPerSec": 57917.27149699748,
				"samples": 4696
			},
			"buildTocTree (20 headings)": {
				"name": "buildTocTree (20 headings)",
				"mean": 0.28427078081966073,
				"median": 0.2622999143096167,
				"p95": 0.3667879177372587,
				"p99": 0.39367352185248444,
				"min": 0.22618551842306503,
				"max": 0.6237146529567221,
				"stddev": 0.04507067750166634,
				"opsPerSec": 3517772.7275262685,
				"samples": 4521
			},
			"extractHeadings (large doc)": {
				"name": "extractHeadings (large doc)",
				"mean": 8.265961857313203,
				"median": 7.541999999375548,
				"p95": 10.333999998692889,
				"p99": 14.542000004439615,
				"min": 6.332999997539446,
				"max": 673.9999999990687,
				"stddev": 11.216098056609697,
				"opsPerSec": 120978.05642730651,
				"samples": 360672
			},
			"getBreadcrumbs (deep path)": {
				"name": "getBreadcrumbs (deep path)",
				"mean": 0.47586511818232297,
				"median": 0.46217550026877946,
				"p95": 0.6002568956163574,
				"p99": 0.6393098972417695,
				"min": 0.42752839372391455,
				"max": 0.7300567874526142,
				"stddev": 0.04291268401080325,
				"opsPerSec": 2101435.809835635,
				"samples": 3410
			},
			"getEntryUrl": {
				"name": "getEntryUrl",
				"mean": 0.07821839600209936,
				"median": 0.07632233883126577,
				"p95": 0.10565874754965317,
				"p99": 0.1119680544342139,
				"min": 0.055914312074152726,
				"max": 0.1603332948906401,
				"stddev": 0.011043062377210028,
				"opsPerSec": 12784716.27023853,
				"samples": 4423
			},
			"getCollectionEntry (1000 entries, O(1) index lookup)": {
				"name": "getCollectionEntry (1000 entries, O(1) index lookup)",
				"mean": 0.018073257041812296,
				"median": 0.017867231638403227,
				"p95": 0.019395079278223846,
				"p99": 0.02089635502085438,
				"min": 0.016490486604843885,
				"max": 0.03360747220697993,
				"stddev": 0.0007795158515303977,
				"opsPerSec": 55330370.04268297,
				"samples": 3025
			},
			"getCollection (1000 entries)": {
				"name": "getCollection (1000 entries)",
				"mean": 6.996343401736292,
				"median": 6.522606383015877,
				"p95": 9.103287234153113,
				"p99": 9.943265957383815,
				"min": 5.490244680797642,
				"max": 18.804968085029767,
				"stddev": 1.1187173766288019,
				"opsPerSec": 142931.80631354213,
				"samples": 4561
			},
			"getRelatedEntries (1000 entries, by tags+category)": {
				"name": "getRelatedEntries (1000 entries, by tags+category)",