{
	"timestamp": "2026-03-13T18:05:14.799Z",
	"results": {
		"plugin": {
			"parseMarkdownFile (small)": {
				"name": "parseMarkdownFile (small)",
				"mean": 0.6850271012104026,
				"median": 0.6368507917174104,
				"p95": 1.2475639464067456,
				"p99": 1.460718635810134,
				"min": 0.5531875761265168,
				"max": 2.7776090133982256,
				"stddev": 0.18853798470444885,
				"opsPerSec": 1459796.2594955133,
				"samples": 5334
			},
			"parseMarkdownFile (large)": {
				"name": "parseMarkdownFile (large)",
				"mean": 3.5646852384834204,
				"median": 3.0668202764979977,
				"p95": 6.418202764976858,
				"p99": 9.53513824884786,
				"min": 2.5756543778815315,
				"max": 13.38479262673066,
				"stddev": 1.363313431107626,
				"opsPerSec": 280529.67740440543,
				"samples": 3878
			},
			"parseMarkdownFile (nested frontmatter)": {
				"name": "parseMarkdownFile (nested frontmatter)",
				"mean": 3.5216077733164393,
				"median": 3.3429487179518094,
				"p95": 5.077227106224969,
				"p99": 5.759919413921435,
				"min": 2.917124542124169,
				"max": 8.657509157507238,
				"stddev": 0.5686414748409566,
				"opsPerSec": 283961.2087345718,
				"samples": 3120
			},
			"parseDataFile (JSON)": {
				"name": "parseDataFile (JSON)",
				"mean": 3.600887049891772,
				"median": 3.479920289853486,
				"p95": 4.446557971014176,
				"p99": 4.937195652177173,
				"min": 2.9113804347801215,
				"max": 6.509811594202366,
				"stddev": 0.3676884782547585,
				"opsPerSec": 277709.34943101194,
				"samples": 3019
			},
			"parseDataFile (YAML)": {
				"name": "parseDataFile (YAML)",
				"mean": 3.7949814607708263,
				"median": 3.5202224264728157,
				"p95": 5.757507352942572,
				"p99": 8.208180147054168,
				"min": 3.1430735294126113,
				"max": 12.480393382348025,
				"stddev": 0.9411426811575953,
				"opsPerSec": 263505.89860243554,
				"samples": 2906
			},
			"parseDataFile (TOML)": {
				"name": "parseDataFile (TOML)",
				"mean": 46.923368638677545,
				"median": 44.58400000294205,
				"p95": 54.707999999664025,
				"p99": 71.50000000183354,
				"min": 37.790999998833286,
				"max": 2447.250000001077,
				"stddev": 27.556236656709782,
				"opsPerSec": 21311.342919564595,
				"samples": 63843
			},
			"validateMetadata (simple schema)": {
				"name": "validateMetadata (simple schema)",
				"mean": 0.06907034838905655,
				"median": 0.04199999966658652,
				"p95": 0.08400000297115184,
				"p99": 0.2500000009604264,
				"min": 0,
				"max": 1298.7499999981083,
				"stddev": 1.066242334504183,
				"opsPerSec": 14477992.703428134,
				"samples": 20982939
			},
			"validateMetadata (complex schema)": {
				"name": "validateMetadata (complex schema)",
				"mean": 0.45394195921036523,
				"median": 0.42250975609754166,
				"p95": 0.6168189024387308,
				"p99": 0.6927591463420135,
				"min": 0.3647865853653035,
				"max": 1.2882621951220932,
				"stddev": 0.08178127753860011,
				"opsPerSec": 2202924.8006496383,
				"samples": 4029
			}
		},
		"runtime": {
			"sortCollection (100 entries, string)": {
				"name": "sortCollection (100 entries, string)",
				"mean": 4.605242247372064,
				"median": 4.525205357140294,
				"p95": 5.074035714285076,
				"p99": 5.658482142832456,
				"min": 4.032924107150393,
				"max": 10.212799107145136,
				"stddev": 0.3007005877775173,
				"opsPerSec": 217143.84309981525,
				"samples": 2908
			},
			"sortCollection (1000 entries, date)": {
				"name": "sortCollection (1000 entries, date)",
				"mean": 66.24608476148401,
				"median": 65.03256249993683,
				"p95": 73.64324999980454,
				"p99": 81.52081250000265,
				"min": 59.341124999718886,
				"max": 111.54168749999371,
				"stddev": 4.073633435278061,
				"opsPerSec": 15095.231719737914,
				"samples": 2830
			},
			"sortCollection (5000 entries, number)": {
				"name": "sortCollection (5000 entries, number)",
				"mean": 255.73911396181933,
				"median": 251.71874999978172,
				"p95": 281.8852500004141,
				"p99": 313.0207499998505,
				"min": 230.99999999976717,
				"max": 452.8332499994576,
				"stddev": 15.180314919136414,
				"opsPerSec": 3910.234865947394,
				"samples": 2933
			},
			"groupBy (1000 entries, scalar)": {
				"name": "groupBy (1000 entries, scalar)",
				"mean": 6.044740899793576,
				"median": 5.790939130415411,
				"p95": 7.964852173893672,
				"p99": 8.800365217409663,
				"min": 4.729347826050008,
				"max": 16.625000000045553,
				"stddev": 0.8184283126650521,
				"opsPerSec": 165433.06265354555,
				"samples": 4315
			},
			"groupBy (1000 entries, array)": {
				"name": "groupBy (1000 entries, array)",
				"mean": 17.217217051770966,
				"median": 16.499999999888875,
				"p95": 19.678090909358367,
				"p99": 39.314363636632066,
				"min": 13.500000000269871,
				"max": 132.47354545455892,
				"stddev": 3.740196104450728,
				"opsPerSec": 58081.39590696162,
				"samples": 15832
			},
			"paginate (1000 entries)": {
				"name": "paginate (1000 entries)",
				"mean": 0.019524832638141407,
				"median": 0.018639180332753927,
				"p95": 0.025412048860094665,
				"p99": 0.028227316082477225,
				"min": 0.014171379342185807,
				"max": 0.08931134426615069,
				"stddev": 0.0037750595601029543,
				"opsPerSec": 51216828.25831337,
				"samples": 4727
			},
			"uniqueValues (1000 entries, array field)": {
				"name": "uniqueValues (1000 entries, array field)",
				"mean": 17.528819441926956,
				"median": 17.182432432467042,
				"p95": 19.461702702706994,
				"p99": 22.718459459389813,
				"min": 14.837837837812668,
				"max": 46.30629729728901,
				"stddev": 1.293733206230548,
				"opsPerSec": 57048.90756123102,
				"samples": 4625
			},
			"buildTocTree (20 headings)": {
				"name": "buildTocTree (20 headings)",
				"mean": 0.29126634295687814,
				"median": 0.270766201216808,
				"p95": 0.37185213032630904,
				"p99": 0.4118925886132356,
				"min": 0.22859255281117197,
				"max": 0.8740451127807196,
				"stddev": 0.049354298293301416,
				"opsPerSec": 3433283.742461276,
				"samples": 3688
			},
			"extractHeadings (large doc)": {
				"name": "extractHeadings (large doc)",
				"mean": 8.536355986733144,
				"median": 7.666999998036772,
				"p95": 11.208000003534835,
				"p99": 15.500000001338776,
				"min": 6.291999998211395,
				"max": 1280.0419999985024,
				"stddev": 11.840133458365965,
				"opsPerSec": 117146.00487071523,
				"samples": 349072
			},
			"getBreadcrumbs (deep path)": {
				"name": "getBreadcrumbs (deep path)",
				"mean": 0.4887025384340715,
				"median": 0.4745268513279046,
				"p95": 0.6168739400778246,
				"p99": 0.6810576596968637,
				"min": 0.41574844545120115,
				"max": 0.946132278124409,
				"stddev": 0.04848979677032728,
				"opsPerSec": 2046234.5114970282,
				"samples": 3470
			},
			"getEntryUrl": {
				"name": "getEntryUrl",
				"mean": 0.08303617284165334,
				"median": 0.07958938283291922,
				"p95": 0.11152660203485959,
				"p99": 0.12130527311397742,
				"min": 0.06824414755207986,
				"max": 0.2355857176628456,
				"stddev": 0.011316688206023268,
				"opsPerSec": 12042944.246803861,
				"samples": 4271
			}
		}
	}
}
