{
	"timestamp": "2026-03-13T17:53:18.783Z",
	"results": {
		"plugin": {
			"parseMarkdownFile (small)": {
				"name": "parseMarkdownFile (small)",
				"mean": 0.6597261270342628,
				"median": 0.6172124352330992,
				"p95": 1.0111954108068177,
				"p99": 1.1576299037749496,
				"min": 0.5417594374537874,
				"max": 2.408216136195602,
				"stddev": 0.14678411516055256,
				"opsPerSec": 1515780.501971942,
				"samples": 3366
			},
			"parseMarkdownFile (large)": {
				"name": "parseMarkdownFile (large)",
				"mean": 3.3506369611346716,
				"median": 2.902721074377958,
				"p95": 6.706268595043793,
				"p99": 8.148417355371274,
				"min": 2.513946280990894,
				"max": 11.930268595038376,
				"stddev": 1.1998888687246256,
				"opsPerSec": 298450.71596815326,
				"samples": 3700
			},
			"parseMarkdownFile (nested frontmatter)": {
				"name": "parseMarkdownFile (nested frontmatter)",
				"mean": 3.4629634325361183,
				"median": 3.3129478527600016,
				"p95": 4.794990797546775,
				"p99": 5.389441717791229,
				"min": 2.871806748464748,
				"max": 8.367585889570302,
				"stddev": 0.5277105136006668,
				"opsPerSec": 288770.01431910734,
				"samples": 2658
			},
			"parseDataFile (JSON)": {
				"name": "parseDataFile (JSON)",
				"mean": 3.5025511559593308,
				"median": 3.383543165471552,
				"p95": 4.386539568343801,
				"p99": 4.8385791366900195,
				"min": 2.904377697841679,
				"max": 12.3462230215887,
				"stddev": 0.4204134156585499,
				"opsPerSec": 285506.179773727,
				"samples": 3081
			},
			"parseDataFile (YAML)": {
				"name": "parseDataFile (YAML)",
				"mean": 3.669458133652379,
				"median": 3.3700823970024576,
				"p95": 5.439764044945406,
				"p99": 7.9948501872681526,
				"min": 3.1371722846446306,
				"max": 10.812108614234004,
				"stddev": 0.888193425023067,
				"opsPerSec": 272519.8009016809,
				"samples": 3062
			},
			"parseDataFile (TOML)": {
				"name": "parseDataFile (TOML)",
				"mean": 45.06651828645197,
				"median": 43.23437500033833,
				"p95": 52.64062500009459,
				"p99": 117.54162500028542,
				"min": 38.55212500002381,
				"max": 243.48949999966862,
				"stddev": 10.274164055181862,
				"opsPerSec": 22189.422170219503,
				"samples": 8319
			},
			"validateMetadata (simple schema)": {
				"name": "validateMetadata (simple schema)",
				"mean": 0.031919517111842884,
				"median": 0.028846725070201515,
				"p95": 0.044361508452469854,
				"p99": 0.05099178700967144,
				"min": 0.024467866675672696,
				"max": 0.21259954828531627,
				"stddev": 0.007620144614635424,
				"opsPerSec": 31328794.746364653,
				"samples": 6432
			},
			"validateMetadata (complex schema)": {
				"name": "validateMetadata (complex schema)",
				"mean": 0.413673527220213,
				"median": 0.378908607350272,
				"p95": 0.6575193423613441,
				"p99": 0.7587040618970712,
				"min": 0.3271276595751436,
				"max": 2.0809555125737287,
				"stddev": 0.1079167076663176,
				"opsPerSec": 2417365.2269212403,
				"samples": 7014
			}
		},
		"runtime": {
			"sortCollection (100 entries, string)": {
				"name": "sortCollection (100 entries, string)",
				"mean": 4.77951183158544,
				"median": 4.658629441627024,
				"p95": 5.4974619289459765,
				"p99": 6.329741116751578,
				"min": 4.025380710667433,
				"max": 9.546532994911823,
				"stddev": 0.42594029583753235,
				"opsPerSec": 209226.38864318578,
				"samples": 3186
			},
			"sortCollection (1000 entries, date)": {
				"name": "sortCollection (1000 entries, date)",
				"mean": 96.5666691346864,
				"median": 95.77845454557311,
				"p95": 110.29545454551804,
				"p99": 126.5795454548259,
				"min": 74.76136363667055,
				"max": 168.0189090911881,
				"stddev": 8.301650390747419,
				"opsPerSec": 10355.539949350945,
				"samples": 2824
			},
			"sortCollection (5000 entries, number)": {
				"name": "sortCollection (5000 entries, number)",
				"mean": 397.9253048149519,
				"median": 392.62500000040745,
				"p95": 443.096999998185,
				"p99": 494.5693333332504,
				"min": 334.48633333318867,
				"max": 686.1666666688203,
				"stddev": 27.564853955271712,
				"opsPerSec": 2513.0344511893563,
				"samples": 2513
			},
			"groupBy (1000 entries, scalar)": {
				"name": "groupBy (1000 entries, scalar)",
				"mean": 7.957387164993982,
				"median": 7.2361333334508045,
				"p95": 9.766666666352345,
				"p99": 22.830533333763015,
				"min": 6.052733333490323,
				"max": 112.8277999998924,
				"stddev": 3.428250905917581,
				"opsPerSec": 125669.39112868418,
				"samples": 25124
			},
			"groupBy (1000 entries, array)": {
				"name": "groupBy (1000 entries, array)",
				"mean": 23.253709746680503,
				"median": 22.001909091076495,
				"p95": 32.87499999979363,
				"p99": 37.01704545462483,
				"min": 19.149636363925477,
				"max": 88.2765454546395,
				"stddev": 4.0383996881146365,
				"opsPerSec": 43003.89103045166,
				"samples": 5864
			},
			"paginate (1000 entries)": {
				"name": "paginate (1000 entries)",
				"mean": 0.019073491816344552,
				"median": 0.018896337613110537,
				"p95": 0.022783873251600716,
				"p99": 0.027541244905418566,
				"min": 0.014197164233342332,
				"max": 0.04313445973093009,
				"stddev": 0.002778636889779554,
				"opsPerSec": 52428784.91410131,
				"samples": 3010
			},
			"uniqueValues (1000 entries, array field)": {
				"name": "uniqueValues (1000 entries, array field)",
				"mean": 17.396089665970592,
				"median": 17.069774999981746,
				"p95": 19.622899999922083,
				"p99": 22.709374999976717,
				"min": 14.809375000004366,
				"max": 37.65624999996362,
				"stddev": 1.352205372608037,
				"opsPerSec": 57484.18289405306,
				"samples": 4311
			},
			"buildTocTree (20 headings)": {
				"name": "buildTocTree (20 headings)",
				"mean": 0.2853605333394043,
				"median": 0.2663167883234352,
				"p95": 0.36195255474490795,
				"p99": 0.41747262773779986,
				"min": 0.21262153284518,
				"max": 0.7947686131372088,
				"stddev": 0.049053834560259614,
				"opsPerSec": 3504338.8386529693,
				"samples": 3837
			},
			"extractHeadings (large doc)": {
				"name": "extractHeadings (large doc)",
				"mean": 353.97308804434607,
				"median": 326.29199999792036,
				"p95": 483.1670000057784,
				"p99": 830.6670000019949,
				"min": 253.20900000224356,
				"max": 2270.541999998386,
				"stddev": 106.11794977623883,
				"opsPerSec": 2825.073526139702,
				"samples": 8473
			},
			"getBreadcrumbs (deep path)": {
				"name": "getBreadcrumbs (deep path)",
				"mean": 0.49345137944076883,
				"median": 0.4782236842105416,
				"p95": 0.6530484210548151,
				"p99": 0.7195831578926453,
				"min": 0.39776315789295996,
				"max": 1.557544210529733,
				"stddev": 0.06412585843831727,
				"opsPerSec": 2026542.110660032,
				"samples": 3200
			},
			"getEntryUrl": {
				"name": "getEntryUrl",
				"mean": 0.0831648726645832,
				"median": 0.07839576464617057,
				"p95": 0.11449086989598874,
				"p99": 0.12623636824718035,
				"min": 0.06661070251150396,
				"max": 0.2609951813324428,
				"stddev": 0.013640703721887066,
				"opsPerSec": 12024307.474541022,
				"samples": 4574
			}
		}
	}
}
